<?xml version="1.0" encoding="UTF-8"?>
<beans xmlns="http://www.springframework.org/schema/beans"    
    xmlns:xsi="http://www.w3.org/2001/XMLSchema-instance"    
    xmlns:p="http://www.springframework.org/schema/p"    
    xmlns:mvc="http://www.springframework.org/schema/mvc"    
    xmlns:context="http://www.springframework.org/schema/context"    
    xmlns:util="http://www.springframework.org/schema/util"    
    xsi:schemaLocation="http://www.springframework.org/schema/beans http://www.springframework.org/schema/beans/spring-beans-3.0.xsd    
            http://www.springframework.org/schema/context http://www.springframework.org/schema/context/spring-context-3.0.xsd    
            http://www.springframework.org/schema/mvc http://www.springframework.org/schema/mvc/spring-mvc-3.0.xsd    
            http://www.springframework.org/schema/util http://www.springframework.org/schema/util/spring-util-3.0.xsd"> 
     
    <!-- 对web包中的所有类进行扫描，以完成Bean创建和自动依赖注入的功能 -->
    <context:component-scan base-package="com.qiuguo"/>

	
	<mvc:annotation-driven />  <!-- 支持spring3.0新的mvc注解 -->

    <!-- 启动Spring MVC的注解功能，完成请求和注解POJO的映射 -->
    <bean class="org.springframework.web.servlet.mvc.annotation.AnnotationMethodHandlerAdapter">
     <property name="cacheSeconds" value="0" />  
        <property name="messageConverters">  
            <list>  
                <bean class="org.springframework.http.converter.json.MappingJacksonHttpMessageConverter"></bean>  
            </list>  
        </property>
    </bean>

	<!--<mvc:interceptors>
		<bean class="test.interceptor.MyInterceptor"></bean>  拦截所有springmvc的url！ 
		<mvc:interceptor>
			<mvc:mapping path="/user.do" />
			<mvc:mapping path="/test/*" />
			<bean class="com.qiuguo.interceptor.UserInterceptor"></bean>
		</mvc:interceptor>
	</mvc:interceptors>


    --><!--对模型视图名称的解析，即在模型视图名称添加前后缀 -->
    <bean class="org.springframework.web.servlet.view.InternalResourceViewResolver" 
       >
         <!-- 如果使用jstl的话，配置下面的属性 -->
    	<property name="viewClass" value="org.springframework.web.servlet.view.JstlView" />    
    </bean>
</beans>
